time,load_shortfall_3h
0,10997.97621606159
1,6630.638819328837
2,6214.219926573981
3,11789.816135520805
4,11881.524933867753
5,10464.550799161156
6,11770.552703764637
7,11877.552248141648
8,11420.875522976325
9,6173.503167937142
10,5214.186702267441
11,10862.618235748352
12,11238.092561722708
13,12169.975382304312
14,12243.54598564333
15,13435.78040164296
16,12943.170520819687
17,7620.654733266643
18,6501.932878167712
19,11336.261151950634
20,12088.25524996763
21,12091.220103983818
22,12941.977492252923
23,13640.421452668506
24,13372.742267719736
25,7539.041881565812
26,6007.426754165404
27,10973.623412448944
28,11850.497764251633
29,11505.426606890313
30,12280.705183996713
31,12586.05836704134
32,12162.5717794077
33,7930.589448771659
34,6179.168350255599
35,10307.426139704285
36,12156.645257353017
37,11582.77845987433
38,11319.425662136295
39,12188.785711764414
40,10209.862830992199
41,6162.977013571051
42,7208.22439103882
43,7973.060697169779
44,10790.094652410531
45,10818.439502884634
46,12062.733592937993
47,11332.032100543329
48,9776.492835957706
49,5939.481594917455
50,5435.7501524288955
51,6347.719679296425
52,6743.784899919414
53,9703.039774122666
54,10492.872255140484
55,9971.342149186088
56,12146.662674499856
57,7456.977180467595
58,6767.587436119344
59,11385.215407922513
60,13843.764543673395
61,13356.874497508157
62,14117.722748720245
63,15319.344970261123
64,13624.011916312664
65,7846.488882837908
66,6296.992797492205
67,11897.058815501305
68,13768.740180647126
69,13254.614209334899
70,13778.622932619464
71,13666.538046614432
72,11830.95648418279
73,7242.667273068756
74,5949.511947620357
75,11430.065498096938
76,12471.222193712709
77,11213.934993029858
78,11825.803262385249
79,11636.156055488666
80,11934.692353939083
81,6580.576770464857
82,5022.492335553088
83,11434.353402869596
84,10919.502535228112
85,10130.52401980033
86,10876.75009021874
87,13317.484024517302
88,12097.435209744608
89,7326.507462565944
90,6036.353677985328
91,11307.959854095074
92,12962.510602627426
93,12193.43161943693
94,12884.732640372284
95,13601.984545572954
96,13401.57479409863
97,8452.952089067068
98,7248.776541346539
99,10164.935356751865
100,10814.222670865938
101,10727.039911552069
102,10848.374890096611
103,9577.439724944434
104,11567.833233371313
105,6644.609142322721
106,5448.853891363393
107,6132.32119064487
108,7142.065598949483
109,7242.285231691782
110,7813.180656197082
111,8080.920103921783
112,12486.135486728455
113,7142.8341218200985
114,6062.8456028962355
115,11943.65372924968
116,13587.24686780207
117,12817.406713159022
118,12446.376003238513
119,13298.82974561842
120,13054.822710556691
121,7123.710049588787
122,5136.75889672428
123,11726.676080190728
124,12895.823257446187
125,12418.468601132388
126,12747.377136124844
127,13339.316397295972
128,12856.96996324304
129,6379.60613641451
130,4730.2615317009095
131,11333.765306020512
132,12118.109891271051
133,11503.328222552716
134,12015.269864615446
135,13210.019000473987
136,13314.08478629134
137,7390.928338654536
138,5413.817356444718
139,11253.36064628519
140,12558.287568636928
141,13061.677175820965
142,13081.93616204284
143,14031.29931983608
144,13207.46348806541
145,7466.575318611417
146,6722.116095702052
147,11547.295022660108
148,12029.336446561952
149,12071.7588469016
150,11752.034163558625
151,12661.434741866738
152,13039.258183402435
153,7885.169382405413
154,6381.571366920178
155,9026.64132777774
156,10057.283817053249
157,8724.924042740628
158,9026.000541683663
159,9564.383206716146
160,9313.068485561644
161,5932.110855909323
162,4403.453274693018
163,5125.221956989017
164,6401.586013565057
165,6160.338966319778
166,7115.038019558672
167,8255.559087193084
168,11388.144510685455
169,6663.747548283131
170,5774.021118181233
171,11063.50748971241
172,12759.098053359205
173,11934.414740305427
174,12881.872271733842
175,14387.669095349038
176,12972.498199326303
177,7087.560551811929
178,6192.806182862229
179,11863.438887180653
180,13061.532247233936
181,12538.172371676214
182,12909.178376469494
183,14268.838332695312
184,13369.93327008701
185,7736.501278511963
186,6339.574790795022
187,11832.19442841858
188,13066.950543743842
189,12538.948462871043
190,13685.943291007692
191,14268.922977937202
192,13483.258901621857
193,8040.907658012385
194,6910.9065464447085
195,11760.79238205825
196,12728.70486397386
197,12697.80045842743
198,12607.394363512516
199,13076.583837538477
200,12156.693715631956
201,5841.260784264865
202,5536.753894261001
203,10205.338648072737
204,11104.24662124909
205,10261.1681960581
206,9818.067997391696
207,11911.8554517361
208,10454.52307293203
209,6359.130111281061
210,5640.010009837281
211,7625.5729901942295
212,10703.986479514246
213,10398.000167334767
214,10468.976918662638
215,10136.686514594558
216,12125.433003604028
217,7397.418089830259
218,5672.874200180364
219,8380.50779512905
220,9525.384522610686
221,9693.875893155684
222,11797.049222852944
223,11235.748188252517
224,11912.46386920758
225,7056.585523180506
226,6507.528723147884
227,10379.260138364736
228,11811.065211364317
229,12366.772079069364
230,12358.63345701461
231,13530.50858128159
232,12268.085118098332
233,8232.315159860473
234,6441.596025868319
235,11223.641074577956
236,12994.403282286858
237,12905.311299728977
238,12988.102152426354
239,13943.961520868992
240,13361.59544991801
241,7147.58593078699
242,6496.848863570648
243,11284.735917087612
244,13441.988568486086
245,13133.588602034955
246,13433.012908409788
247,13981.521853127295
248,12053.606312534133
249,7127.187674180499
250,5301.9439675230715
251,10982.634256942067
252,11185.921255471449
253,9319.109432148853
254,10150.025441084961
255,12195.484809886571
256,11722.559771019618
257,6831.592056174576
258,5684.135403790456
259,11070.493196898953
260,10225.664733477686
261,9060.858248048384
262,9740.348768445241
263,11071.529974183368
264,11296.70466373998
265,6585.313627104521
266,6439.387293622791
267,7698.315319883882
268,8259.731474314876
269,7125.494999262507
270,5856.461777645312
271,7065.459304663902
272,8012.7721312416215
273,5939.4515904633
274,4776.375590985732
275,6227.946678166013
276,7380.103941727291
277,7659.299301504785
278,8761.84335141035
279,9919.616695971397
280,11488.916589350907
281,6721.454367194329
282,5602.827246512265
283,11315.796531382015
284,12484.917682788493
285,11802.878770356214
286,11928.194768039468
287,13385.306342164235
288,12049.0758527185
289,7052.361139202344
290,6110.884992208328
291,11404.520315230631
292,11745.465556855565
293,10976.209323785308
294,11736.558704963774
295,11370.211828097385
296,12020.303293980294
297,7152.225002785192
298,6424.57668599945
299,10714.229660251976
300,11148.458582954472
301,10169.72238134847
302,10492.480974726073
303,12254.083625495452
304,11810.523618938669
305,7207.08113346776
306,5932.501323941788
307,10826.719960991964
308,10962.070237017186
309,10842.200188289497
310,10647.287572402565
311,12418.798251230666
312,11302.88934910407
313,7722.322361255186
314,6782.19709907034
315,10581.697665702064
316,11888.694555432567
317,11483.972092592516
318,11505.875267004476
319,12230.893956114496
320,11342.46459407335
321,7153.335824751364
322,6157.394751835494
323,7858.950641866267
324,8340.553852214387
325,7864.8393441650605
326,9045.827481545646
327,8875.963308915838
328,10810.513242037096
329,7036.387232409022
330,5481.342632961946
331,5724.410175594893
332,5595.211236111263
333,4986.163093882849
334,5999.289160137435
335,7682.291232503394
336,9811.200534307807
337,5696.313753441562
338,5212.264523393933
339,10926.021737897281
340,12178.173764124671
341,10752.674051051696
342,11444.635194183818
343,12685.901408577854
344,12843.525075551672
345,7227.608482990958
346,6206.075658517179
347,11149.928839352233
348,10575.205736880107
349,9828.373433705034
350,9845.503878410984
351,10083.744472275977
352,11022.72819385676
353,7137.904517124261
354,5292.846628029265
355,10225.150471480727
356,9871.609675541147
357,10513.86889577514
358,10945.094417362574
359,12937.78188287775
360,12390.650968833053
361,7595.313922888382
362,5961.310273256804
363,11404.704971517105
364,12309.651702900897
365,12113.400661354139
366,12345.434461908084
367,13039.781064975608
368,13024.03215961234
369,7622.6911468587405
370,6588.845254127186
371,11549.828855934571
372,12612.520551451938
373,11373.5151163164
374,11300.98608602186
375,12118.890237198093
376,11623.272543116696
377,6697.966123183621
378,4976.259028839052
379,8330.831488873162
380,9683.007300680249
381,10074.00977461844
382,10911.074427517231
383,11497.161472992246
384,11075.428370042895
385,6515.034819284879
386,6078.325539610203
387,6121.197529536511
388,8768.961072970778
389,8007.279978292185
390,7977.993566833932
391,7609.638742281219
392,11229.044177941414
393,5829.539442846491
394,4687.737320990459
395,10613.317676253899
396,10247.67415424975
397,10353.33587954742
398,10339.621443407046
399,10920.626434945329
400,11310.212048524301
401,5773.71168323247
402,4750.136664416156
403,9587.322534977122
404,9991.781060426416
405,8554.255615461872
406,8676.71427333563
407,9434.045620802386
408,10296.48298945271
409,5528.508921092015
410,3833.003486861852
411,8705.802152574954
412,9069.055039869963
413,9206.008876178043
414,11481.776875321819
415,12253.605229415833
416,11499.673440379705
417,6805.137458393002
418,5413.884162872368
419,10614.761180236153
420,11036.958275768717
421,10535.716455781378
422,10521.159125507442
423,12287.058558259898
424,10149.906383734087
425,6958.5894395296955
426,5625.575484571807
427,10209.541274243706
428,11244.642902621052
429,10789.166644108791
430,11468.504381746276
431,12216.605011282332
432,12055.766449674127
433,8097.5271144938315
434,7009.240705268729
435,9502.905412762906
436,11196.351211488456
437,11259.951904254389
438,11227.49768504187
439,11480.58877769307
440,11269.744250508973
441,7494.948826573544
442,6949.7927704059
443,7676.662605357359
444,8060.722296401735
445,8853.677969598148
446,8387.196511138174
447,8755.825551545402
448,11022.227183799594
449,6616.434572809548
450,5641.300480568124
451,9868.902538426468
452,10736.981634351832
453,10918.41370253798
454,11548.911711064515
455,12659.916442186723
456,11914.113116770606
457,7372.0521903026265
458,5977.045850296547
459,10834.666807523405
460,12246.223467114096
461,11979.37968320901
462,12508.053257024216
463,12597.887408378536
464,11316.235041252945
465,6428.223123141391
466,5852.409317451526
467,9999.023932984675
468,10218.010246287922
469,9512.852650048879
470,8768.3418908666
471,10326.390793040375
472,10226.20723269686
473,5994.766840158362
474,4237.496181586368
475,9211.353719852916
476,10106.109773764634
477,9760.660410755596
478,9706.385467197926
479,7529.136758841201
480,8920.56350356823
481,4811.265725017666
482,4279.755374912847
483,9281.98430625175
484,10581.873776608845
485,11305.15488925104
486,11501.722367204184
487,9385.08782769011
488,8375.637573757833
489,5388.565998419225
490,4053.090783617614
491,6442.814568163118
492,6524.294553982591
493,6947.569722734103
494,8756.464386615282
495,10336.994343034727
496,8773.461284071233
497,3461.939602920919
498,4108.043689794622
499,6007.066734049289
500,7449.488727964437
501,6321.1297696238435
502,8555.890854782727
503,8759.65183012337
504,9884.086727519569
505,5497.485210528693
506,4663.935113791162
507,9458.101589453774
508,9807.942284038207
509,8835.96751040906
510,8125.940188881387
511,9669.641689450627
512,9390.715845494775
513,5329.1702660049405
514,3914.578461891055
515,7848.062570593835
516,8344.990158997103
517,8225.194728769378
518,8347.314230281081
519,9577.837370324658
520,10547.44463887197
521,5857.295651642152
522,4715.040375940459
523,9430.86182939439
524,9128.995585643726
525,8980.806131001242
526,9280.363040450793
527,11042.260609459912
528,10935.200102817245
529,7112.07134703993
530,5837.228543634101
531,10681.369278208596
532,11597.506488162378
533,10758.475123565227
534,11182.323750432264
535,11997.279970704218
536,11596.167777340852
537,8031.046048537941
538,6070.549623367457
539,9951.99496073087
540,10247.384794496644
541,10500.313954042396
542,10216.385532032009
543,10078.694787217322
544,9870.672348172568
545,6529.690105439655
546,5968.107754416862
547,6766.403252799853
548,9118.727123979206
549,7275.159214958616
550,9886.646832590348
551,8987.966941418374
552,8949.598473564902
553,5430.102660656563
554,4315.061003882584
555,6874.368767921026
556,6869.964313837144
557,7022.651094341942
558,7142.666623019045
559,7833.647203635541
560,9995.553412002522
561,5916.123624455498
562,4742.818345432945
563,9352.303377896907
564,9212.543560397506
565,9118.279324714567
566,9490.76629590782
567,10268.820296019274
568,10298.85202695337
569,6730.155169104721
570,5016.606119780846
571,10575.260099042143
572,10839.269011712156
573,9947.917847702065
574,10039.187392088474
575,11977.614265724635
576,12407.337439434861
577,7524.844042747614
578,5925.372104556053
579,10108.333209196007
580,10429.505292917207
581,10334.966111330717
582,10580.929902342092
583,10509.434532401867
584,11108.763921454602
585,5495.23940022068
586,4196.262960676857
587,8068.921939024371
588,8008.096592992274
589,8267.450964745545
590,6920.97094906691
591,8398.299619998266
592,10354.292693866255
593,6456.241531321131
594,5057.216122490621
595,8764.448797123301
596,8238.529456341957
597,6723.588036365283
598,6618.69004082222
599,9047.273270407608
600,10422.92277201613
601,5930.959416203611
602,4620.315852123847
603,7803.85070338435
604,7591.839332943191
605,7323.759019352426
606,7299.629262622128
607,7318.624760326937
608,7150.6599449639525
609,3755.8354445819596
610,3612.713252757056
611,4160.369696509603
612,4228.226007877719
613,3866.276013886698
614,5354.981247522727
615,6899.421976332211
616,9500.908711439346
617,6044.893370402609
618,5258.764156331602
619,9256.075167664607
620,9370.844311335275
621,9267.548315691158
622,9462.630826512017
623,8615.258494554218
624,8059.857632117982
625,5566.742057744947
626,3641.2935636359935
627,8922.014659717544
628,9317.620269652214
629,9181.175942607015
630,9333.723589817171
631,10597.243977216798
632,10365.769640090915
633,6732.621946411902
634,5522.672148750039
635,9728.312972952337
636,10311.41351118326
637,9602.615275425078
638,10444.510523420804
639,10101.194942472925
640,8788.07985404081
641,6282.611061697397
642,5600.0699118611365
643,10202.426122019127
644,9909.875223324412
645,9538.007271335102
646,10067.56484150303
647,11228.909195479106
648,11601.390073453947
649,6936.504167543637
650,5967.308335182281
651,8599.973805716118
652,9400.582480299548
653,10134.775126241393
654,9760.136872243418
655,8067.760621648489
656,8216.407904646594
657,4970.573084801869
658,2652.118833901963
659,3571.765388769601
660,4584.400432703242
661,4530.700392485988
662,4530.483608946902
663,5040.217505317601
664,6653.549225191304
665,3363.943803263944
666,3709.946142190997
667,5020.05437665332
668,5554.519671687142
669,6137.961572107729
670,7480.529380516701
671,8460.948985803227
672,11131.06716554083
673,5391.683064632422
674,4498.62547817018
675,9529.839400136367
676,9909.802496783614
677,9415.898779924044
678,9251.06881911991
679,10396.936421675884
680,8936.928949534611
681,6986.088413021411
682,4674.980103421936
683,10468.652891682765
684,10821.115215081873
685,10546.848577794553
686,9918.937528256622
687,10619.894794903927
688,10896.814777031901
689,7359.8631705807065
690,5995.394783380395
691,10519.033830044838
692,10837.125650666956
693,9497.370072561549
694,8614.449281151272
695,8208.893244396997
696,8891.445431330952
697,5575.979194372615
698,5793.007822902732
699,9733.78512242311
700,10176.699697299659
701,8648.316543880412
702,7597.177971351668
703,9095.92604572974
704,8971.672771868401
705,4805.68616362845
706,4603.235078399898
707,8757.609954911628
708,8390.175231499688
709,6695.507518714316
710,5597.423249781616
711,6768.034182887408
712,7609.837556711507
713,5624.162303605218
714,2881.170236884513
715,6351.386630500801
716,7450.306898757786
717,6367.0146074936165
718,6613.5958769601375
719,8251.609986603326
720,8891.220063115605
721,6987.985817727192
722,6354.066363678294
723,7214.66354276537
724,9643.548653064523
725,8295.796656249406
726,8966.675967817508
727,9803.28479453936
728,10114.84799667338
729,6852.655119352273
730,5802.304252327036
731,10483.096996479093
732,10864.992771783425
733,9736.157194025654
734,10048.431546305337
735,10650.861407534489
736,11469.948496877152
737,6796.730158861486
738,5477.182490987916
739,9921.71239046171
740,10143.804444004565
741,8517.451621337055
742,7419.705753836394
743,9056.00292610085
744,9403.768717292662
745,5336.670991618632
746,4285.424408599218
747,9567.222978151922
748,9671.934703369116
749,8562.985311685707
750,8274.07564479028
751,9243.978173728869
752,10448.978692470633
753,6867.855284555752
754,6121.190253388473
755,10380.218480903128
756,10764.525805004772
757,9760.53033515358
758,9558.849840175824
759,10172.027978254517
760,11539.970084835411
761,7674.889841356469
762,6484.4335292954975
763,10542.119660465007
764,10613.302308708573
765,9617.437457203332
766,10105.525701536766
767,10282.972747541984
768,11195.449610146805
769,6612.109862245999
770,6340.971335612537
771,7999.336267424934
772,9185.818580461148
773,7929.69540443677
774,9066.559737405658
775,10461.745408441324
776,10446.831376337412
777,5735.818009594737
778,4583.9278406653875
779,5368.558008205795
780,5020.10264987038
781,5892.26158526273
782,6156.343826357204
783,6894.222130396587
784,9866.683131140368
785,6023.436103230807
786,3938.2127139970207
787,9267.588824706174
788,9581.670082735887
789,8977.254979419957
790,7930.498460589234
791,9533.744529996075
792,10108.450431265643
793,6033.6700903489145
794,4021.8345693647584
795,8430.792680656426
796,10079.600274191094
797,9775.672999145354
798,10081.937347607996
799,11041.27866085616
800,10628.457911949225
801,3816.980770164348
802,2512.628625972585
803,7647.675639244871
804,7546.218843131474
805,7005.9945052397825
806,6456.90051626298
807,7023.335006751128
808,8889.597013527953
809,3155.953232736818
810,3938.1122063778266
811,8638.1964276615
812,8965.034204365957
813,9057.697007681003
814,9337.866723888043
815,10973.964243712435
816,10876.470669254475
817,6638.1186009630965
818,5168.836599666186
819,10397.07835818893
820,10397.000742314036
821,9351.711225963965
822,9578.108903619768
823,9940.821149362942
824,11249.874511665908
825,7553.461785730551
826,6758.557182302716
827,8999.548389311982
828,10033.490149502459
829,9856.963876823564
830,10641.316984322875
831,11318.637410280271
832,11259.012809646712
833,6988.316774505759
834,6046.264637007703
835,8679.362288826385
836,6422.656489043292
837,5000.2407713185
838,4038.91492487653
839,5642.613942742802
840,10025.426268541145
841,5376.120735023192
842,4994.547861528446
843,10042.245053505447
844,10227.65783312827
845,9665.652457538996
846,10455.761104397274
847,11128.666240686009
848,11649.683806678278
849,7716.581681473199
850,6755.088035353031
851,10910.4856226448
852,11924.104293582845
853,11257.92844403322
854,11120.204591733576
855,11188.983537112888
856,11707.31841485173
857,7309.725041282011
858,6941.555849604857
859,10900.341023082005
860,12742.41827818707
861,12488.005630730651
862,11722.445042250585
863,11252.121213919756
864,11310.002936347308
865,8039.465090007378
866,6504.311625772616
867,10703.730629529464
868,11798.209177488894
869,10646.501537652643
870,9714.633806645661
871,10494.722020923211
872,11337.801756575282
873,8138.256280289922
874,6286.168085528659
875,10142.299087168922
876,10671.440755012927
877,9838.244243785979
878,9729.316854747058
879,10128.37747749541
880,11243.183309700496
881,8236.130071301195
882,7425.653123559315
883,9705.297962440438
884,11687.923511571451
885,11227.148743787666
886,11207.559982306697
887,11456.063540219075
888,10969.805135331708
889,7574.70250056008
890,5616.262711492857
891,7903.128512877463
892,10078.069052329847
893,9184.718660710663
894,7847.262169665702
895,6812.632324546788
896,10298.874209569769
897,6589.4674821897615
898,6188.692982579301
899,9809.892969949971
900,11304.371155321214
901,11133.450737153844
902,10956.768479594348
903,10450.046943765668
904,11136.734581987886
905,7411.350258507312
906,5890.619562576474
907,9721.219119033616
908,12687.0068468538
909,12338.19072131708
910,11034.87940101304
911,10856.687595518459
912,10767.979381221166
913,7284.462712684876
914,5967.1425568834475
915,9906.983954272791
916,11609.246912086213
917,11161.661739305388
918,11409.242418612756
919,11060.042687971792
920,12014.782827234667
921,7043.238205392553
922,6108.743642320217
923,9933.270378606845
924,10836.212783964409
925,10482.859676840104
926,10537.742379393454
927,10490.25322694615
928,11523.418233270555
929,8227.62423767755
930,6563.515402835751
931,10095.235484276713
932,11153.920186952577
933,10548.551371977903
934,9718.992919830658
935,9360.718317136936
936,10907.214218265884
937,6752.225673658063
938,7206.737454792175
939,9122.24175793235
940,9226.435376409549
941,7948.864973323471
942,8493.099111936266
943,9842.487323796451
944,9711.459065008736
945,5297.426230616684
946,3871.909075252416
947,4814.826617024707
948,6171.1143330857785
949,5355.326790938873
950,4480.340161538789
951,5310.308473974545
952,8523.286988697899
953,5215.169004628476
954,4458.338274444715
955,9202.072214670106
956,9480.669900254481
957,8763.521294859593
958,8771.233038984234
959,9674.94555510409
960,9418.753982484322
961,6695.373307237391
962,5694.05708579835
963,9923.617368515635
964,10546.986774291836
965,10440.593087138406
966,10104.50564072252
967,11424.645916632599
968,12360.411470925557
969,7088.30313238841
970,6456.82633833174
971,10333.430799808904
972,9519.218240617232
973,9718.50241156015
974,9827.42326071054
975,9937.504949574948
976,10363.42772524646
977,5578.3292174321405
978,4760.597472613394
979,8556.989416082026
980,8739.456301802731
981,8901.170955197831
982,9557.254396210099
983,10075.425101786679
984,10353.11570696565
985,6496.780763757835
986,5490.97565334644
987,9243.437495447326
988,9323.936579492507
989,9263.972018640485
990,9339.708525475333
991,10539.730057779052
992,11040.457970009309
993,8374.75563724028
994,7036.257052757115
995,9303.682827364524
996,9492.725703390277
997,10087.502393905197
998,10964.520840633526
999,10666.176799589033
1000,10270.72146301221
1001,7425.479418149924
1002,5060.059049068961
1003,6907.615472293692
1004,10763.897425175395
1005,8621.309825238333
1006,9742.310120457922
1007,10559.71378852754
1008,11119.467080151935
1009,8076.4537518488705
1010,7175.492651512817
1011,10722.684638068904
1012,12220.516664134979
1013,10794.719996528069
1014,10211.980856434757
1015,11607.382882333344
1016,11737.211065927277
1017,8014.607304629906
1018,6366.850934308533
1019,10214.033276441982
1020,10703.611038146912
1021,11027.925276313154
1022,10180.521851584781
1023,10542.526657501861
1024,11860.65735962756
1025,7875.963131029659
1026,6816.223608836595
1027,10288.308589942815
1028,11545.850579753858
1029,11082.633438164177
1030,11015.46243585947
1031,10296.41013155798
1032,11475.601059415018
1033,8114.230458051807
1034,7126.964058344972
1035,10338.476617875906
1036,10577.379702764196
1037,10486.02273678845
1038,10090.38704380382
1039,10808.010628793181
1040,11850.513281197847
1041,8086.584481214684
1042,7369.948707151934
1043,10905.08046460792
1044,11863.044889272356
1045,11735.97720748465
1046,11433.545877439094
1047,10859.37849891525
1048,11622.579019521063
1049,8617.725477055226
1050,6489.174183136772
1051,5609.642564087228
1052,8123.448283306287
1053,5767.103023147182
1054,6891.02107312218
1055,6776.021865013251
1056,9152.135850354865
1057,5042.7281679966245
1058,4190.630551852344
1059,5066.08089979142
1060,5953.942640305402
1061,6081.349912546491
1062,5619.5787678447805
1063,5986.050358108429
1064,9829.62740740198
1065,6133.829569194979
1066,5235.888621948783
1067,9551.13745460791
1068,10073.499674783128
1069,9787.118113682745
1070,9301.786954047408
1071,9812.38617759035
1072,11044.258901941756
1073,7003.396101613824
1074,5950.137094522715
1075,9456.368404753102
1076,9894.038253900671
1077,10480.390190537517
1078,9455.942496725256
1079,9630.244231280189
1080,11067.180462567283
1081,7332.1433315919885
1082,6506.602034907912
1083,9607.713144414953
1084,10854.22594532649
1085,10772.243984880857
1086,10050.910329255488
1087,9962.011532376247
1088,11436.285763320324
1089,8611.240863954565
1090,6984.16550389738
1091,9825.058352691674
1092,12892.827710862952
1093,11836.901260514076
1094,10687.394182887725
1095,10292.658633113379
1096,11316.513390368451
1097,8300.111088116517
1098,7186.734830569494
1099,10757.088079888172
1100,11209.559007757794
1101,10952.320468568498
1102,10892.57953510386
1103,10116.37413299377
1104,12049.43403766844
1105,8082.9675354655565
1106,7351.645331457495
1107,8936.694511767006
1108,10868.659977669204
1109,9715.315720792347
1110,9215.482991078929
1111,8921.970344925581
1112,9485.114258544158
1113,8122.098036913086
1114,5099.528000088162
1115,6892.144946842384
1116,8823.128805187665
1117,8031.888630717212
1118,9692.125190729188
1119,9234.516813224396
1120,11149.881370347457
1121,8324.678924887081
1122,6981.467282761754
1123,10671.01972730977
1124,11767.837777483446
1125,11202.075109922162
1126,11323.41082482953
1127,11420.435880373996
1128,11964.695140703698
1129,8332.911383424835
1130,7433.9351149629665
1131,10398.081280961269
1132,12104.399431862983
1133,11766.702130790434
1134,11670.59990316594
1135,10937.097263072583
1136,12062.722751117295
1137,8460.819764439912
1138,7396.6670877564975
1139,11214.759344640439
1140,12351.373845439111
1141,12845.443427244054
1142,11637.078622033681
1143,11215.293554148373
1144,12089.203767806142
1145,8715.3607971449
1146,8174.72200264128
1147,11186.324733149408
1148,13159.689823055534
1149,12914.165140022484
1150,12030.6095492805
1151,11980.024151079251
1152,12547.126398247434
1153,8349.090372254608
1154,6899.860727268749
1155,10740.974683802517
1156,12713.83134879644
1157,13383.560106464613
1158,12045.435802694587
1159,11209.810848194182
1160,12357.236767750592
1161,7415.258110612523
1162,8251.50740704714
1163,9790.600725076927
1164,9867.767998758958
1165,8056.308064394255
1166,9828.947963413546
1167,10691.009030852581
1168,11138.828434291896
1169,6647.273030063643
1170,6446.6804717561
1171,7048.744441869466
1172,7828.305699278219
1173,8033.812837375067
1174,7743.8489270670825
1175,7505.652922423545
1176,11334.562913572605
1177,7559.17493304325
1178,6766.682153638738
1179,10393.60819729765
1180,11676.576566556745
1181,10918.90248197022
1182,11484.84003237694
1183,11750.03326402661
1184,12404.839669199371
1185,8545.931879928508
1186,7970.598532693624
1187,11664.292147651764
1188,13051.971170450526
1189,12292.350555957342
1190,12138.48476569752
1191,11992.953790116568
1192,12304.973270040693
1193,8371.692702237047
1194,7509.856564042893
1195,10851.513961726218
1196,12665.374671156742
1197,11406.124637444893
1198,11481.501288227286
1199,10917.68999796706
1200,11668.01490395309
1201,8280.708878881582
1202,7441.072348159548
1203,11118.94220328972
1204,12794.12582448991
1205,12756.977031591676
1206,12785.355688005855
1207,11646.8464488663
1208,12781.203870503465
1209,8520.192701392456
1210,7954.785933287448
1211,11846.079814977278
1212,12508.342219518529
1213,12549.458835917008
1214,12282.522495777863
1215,11732.88079425606
1216,11774.612075473238
1217,7222.55900105548
1218,6925.536647879686
1219,8859.047388036282
1220,11272.460097567038
1221,11262.152591978094
1222,10694.618285678378
1223,10318.678379943083
1224,10553.503752186043
1225,6860.002258660422
1226,6719.438922327004
1227,8043.9104477022765
1228,8797.760074692153
1229,5891.949577055792
1230,8555.003807054061
1231,8564.056375127951
1232,10786.120039329191
1233,7834.703854023376
1234,6896.1906436836925
1235,10651.9167907864
1236,11728.578895629775
1237,10927.163365928329
1238,10419.90947712063
1239,9982.044479505263
1240,10549.808024663644
1241,7186.923554931529
1242,6046.223779095218
1243,10999.572076432649
1244,12061.585301062467
1245,10939.662640253848
1246,10305.05535733155
1247,10250.448327168724
1248,11426.646288114534
1249,8280.282262896859
1250,6621.194337426078
1251,11125.643180016443
1252,11215.68084852146
1253,10940.238151175003
1254,10823.41731899166
1255,12090.763119585738
1256,12038.214391815203
1257,8592.219800350003
1258,7939.918493160869
1259,10722.617381446204
1260,11877.739120149112
1261,10767.133057162537
1262,11484.983201291174
1263,11557.222366075031
1264,12236.11560125079
1265,8911.308070481798
1266,7786.730956144142
1267,10932.738018154843
1268,12621.393919896116
1269,11693.885015199172
1270,11182.898106281165
1271,11855.963295122661
1272,13073.47998345723
1273,8891.132062681645
1274,7655.317897192873
1275,10247.443417436898
1276,10931.20417201026
1277,10925.726448056554
1278,10131.718744069834
1279,9902.983608281314
1280,11097.501537110064
1281,7996.4217889042375
1282,6690.859650165869
1283,7124.6429445638605
1284,10586.246199814437
1285,11134.121247050754
1286,9912.729314104481
1287,10004.16714010461
1288,11783.31324992935
1289,7802.765984642171
1290,7243.103759545841
1291,10990.088797143491
1292,12246.605858014553
1293,12152.629300055321
1294,11193.691018168482
1295,12379.662617338403
1296,12278.443344100826
1297,9314.756236276571
1298,8130.906448725416
1299,10370.287825289011
1300,12536.903749440491
1301,13325.444854974638
1302,13161.142935070333
1303,12810.770300261409
1304,12542.558769223206
1305,7983.418246861388
1306,7532.541544257164
1307,10394.228515979034
1308,12266.402236723456
1309,13095.627503702759
1310,13721.585961951736
1311,12010.407601627447
1312,12520.518926725614
1313,8261.041822400752
1314,7705.412712321973
1315,11462.466337049995
1316,13066.382771859502
1317,12800.903307311884
1318,12818.254326486938
1319,12135.543790366833
1320,12987.889725478535
1321,8931.777647858888
1322,7791.111974630772
1323,11653.021543281264
1324,13303.264112221743
1325,13152.945438929886
1326,12977.65895433234
1327,12182.684220285768
1328,12283.944840335054
1329,8277.950459844196
1330,7382.537917055053
1331,10131.838567137243
1332,11307.312021565354
1333,11290.473265104853
1334,11581.630444121458
1335,10803.943208466268
1336,11870.274131224816
1337,8111.649797555419
1338,6639.306226866928
1339,9904.906852076758
1340,11026.162749219353
1341,11020.969489650624
1342,11077.671321883485
1343,10389.957987140804
1344,12572.064654433925
1345,8751.378554112958
1346,8091.993792367615
1347,12579.493404797093
1348,13712.770689602636
1349,14215.251972613067
1350,13483.897462693616
1351,13058.174192896811
1352,12670.032458594382
1353,9058.68890735752
1354,8143.775928021784
1355,13248.260751358735
1356,13640.854147966878
1357,14328.946316948632
1358,14166.998961886493
1359,13639.527323121009
1360,13707.829873965324
1361,10101.066424036044
1362,8658.024791773796
1363,14208.272372719899
1364,16471.018197858262
1365,15984.974272543459
1366,15460.63908115247
1367,14263.190470133119
1368,13429.491379291232
1369,9702.368069856682
1370,8917.59958333299
1371,14707.16948305153
1372,16675.06501689439
1373,17714.784946769
1374,17282.068825972718
1375,14641.58190137669
1376,14447.766101995914
1377,10726.565588420573
1378,9769.133691397446
1379,14937.5641374134
1380,16285.255600478127
1381,16835.943774783067
1382,16373.253256679744
1383,15918.937283658013
1384,14390.279418243052
1385,10502.733109014735
1386,10059.885003672076
1387,11916.881664011262
1388,12209.331216862307
1389,12395.493255754689
1390,12465.824936776105
1391,12243.973988356902
1392,12573.604141733442
1393,9193.373651725526
1394,8529.662813100225
1395,10772.485182175069
1396,10858.845502658773
1397,11244.182827445353
1398,11186.85574506062
1399,11525.556298910846
1400,13396.5050091301
1401,11506.486729318509
1402,9610.481146840104
1403,13981.320203262583
1404,15239.31816493971
1405,15429.736505980412
1406,14993.693397491574
1407,13562.914157134075
1408,14831.95884249311
1409,11907.131746962805
1410,11239.140165654197
1411,13905.635171891148
1412,15710.768007928604
1413,15597.591148418382
1414,15014.208975128411
1415,14126.893690470773
1416,15734.472293911793
1417,11999.900597820635
1418,10782.70856038773
1419,14713.552123102218
1420,16747.169152316143
1421,16899.516549001626
1422,16166.039718058302
1423,15330.498200975144
1424,16220.69722317875
1425,13200.36097154176
1426,11922.979785929308
1427,14648.671719797088
1428,16618.25716399641
1429,17019.34229269605
1430,14777.054170153393
1431,13148.512757970137
1432,14091.645992417913
1433,11824.409432322202
1434,10254.80836654128
1435,13232.776521474632
1436,14169.561751088038
1437,14530.1167019441
1438,14481.978525355193
1439,13299.24369550912
1440,13097.834887367391
1441,10504.73150548658
1442,9008.488780807585
1443,9888.03789831507
1444,12295.214910098945
1445,11690.69960013038
1446,12179.275407953155
1447,11826.276934526162
1448,12738.181868156882
1449,9690.900892237245
1450,7737.773439277307
1451,9849.141400465265
1452,11572.265619625123
1453,11711.101316933298
1454,11419.857591776108
1455,11426.287553094437
1456,13630.121266576696
1457,11380.081117413678
1458,9453.424813823754
1459,13889.256924714959
1460,13569.051007951542
1461,13169.038316903652
1462,14563.043208735595
1463,14524.70131226812
1464,14215.377045540497
1465,11648.82756203831
1466,10082.41722115038
1467,14645.556204212005
1468,15529.04978673314
1469,16161.223021348816
1470,15350.242984931308
1471,15291.474567965774
1472,14476.163762444283
1473,11901.292056296892
1474,10380.42181273425
1475,14116.277294094793
1476,15179.563230981263
1477,15687.066423175564
1478,14700.348962243075
1479,14804.806996749687
1480,14600.158640769112
1481,11469.999087906066
1482,10184.895996943815
1483,13382.778183737213
1484,14802.975361662377
1485,15452.316142876958
1486,14389.463173374179
1487,14192.946675886093
1488,15016.220762823052
1489,11106.4880382747
1490,9622.719283728546
1491,12914.377910120023
1492,14268.802062247029
1493,13850.32021870676
1494,13766.43502260847
1495,14515.965916487954
1496,14108.966123864595
1497,11416.490065266467
1498,9009.645476699783
1499,10986.469631648766
1500,12694.786080072548
1501,12585.626849500752
1502,11738.257666880281
1503,11970.477904725061
1504,13054.7536475379
1505,8918.984774254335
1506,8963.542299831402
1507,10722.985340149527
1508,10927.684515212855
1509,10951.229296098361
1510,10997.744138332167
1511,11393.550634209805
1512,13128.534144830182
1513,10823.485596826597
1514,9911.229853722538
1515,13909.931665034172
1516,14928.89179993592
1517,15138.480960170384
1518,15260.195087025932
1519,13658.138713087705
1520,14365.325160149043
1521,10870.008023115448
1522,10235.310520908828
1523,13019.836195814138
1524,15748.930115018431
1525,16023.624450828474
1526,15919.244924326287
1527,15175.22861413336
1528,15071.410766242569
1529,12597.44600002211
1530,10466.677544895125
1531,14631.337801632888
1532,15921.12296668933
1533,16960.61888003997
1534,16254.569791117334
1535,15619.35539143542
1536,15516.374230233454
1537,11436.720271183543
1538,9614.795619987277
1539,14981.51639318142
1540,15950.662570981598
1541,16851.694334844382
1542,16400.508490552595
1543,15216.969609236488
1544,14963.002657239476
1545,11801.99326811196
1546,10964.32605178281
1547,13969.311520391853
1548,14391.750251735812
1549,14378.27433715828
1550,14919.623427154116
1551,14664.524538514564
1552,14090.846548422121
1553,10331.953472681811
1554,9441.286539607849
1555,12001.295635410324
1556,12637.57251676444
1557,12683.465602886954
1558,12722.550199731395
1559,12533.737129486013
1560,12439.149638335144
1561,9141.351359564522
1562,8447.215124626235
1563,11327.070229673256
1564,11086.501317357492
1565,11070.365665887442
1566,10235.350247435234
1567,10883.727980022742
1568,13833.158922417195
1569,9979.44120250407
1570,9015.461864406669
1571,11177.393928535588
1572,11818.78389853128
1573,13644.452169097069
1574,14018.577947138328
1575,14461.185629234224
1576,13959.355148548217
1577,9805.265151120708
1578,9918.28668291781
1579,14171.391476893488
1580,15097.826579577304
1581,16116.941399810905
1582,15507.091765904981
1583,15287.62845809737
1584,15720.815439098587
1585,11532.579906105748
1586,10527.28294805122
1587,12960.67329440743
1588,16658.90288109573
1589,16813.141861023363
1590,16242.604278221144
1591,15437.926464561697
1592,16008.325661659957
1593,12140.985527663901
1594,10540.73897438176
1595,13961.021053482327
1596,15960.009901052174
1597,17233.081673085006
1598,16467.96613443274
1599,15561.553344211854
1600,15376.641768596866
1601,11637.172682399481
1602,10613.823521404902
1603,14362.788277474872
1604,15698.906191282806
1605,16179.011179045294
1606,15860.721961957537
1607,15115.99358142386
1608,13437.26321867059
1609,11188.106656157039
1610,9405.805859405367
1611,9945.566411520842
1612,10951.134786091994
1613,12015.274583064103
1614,12259.821867531482
1615,11503.588349056712
1616,12580.719579985082
1617,11031.261918096623
1618,9716.695316308611
1619,9776.460071296071
1620,11088.821084701267
1621,10728.3905868216
1622,10661.273353266952
1623,10222.62777927256
1624,12121.648337757375
1625,10385.373274978649
1626,9538.692760808037
1627,13295.854056197466
1628,14706.585003974991
1629,15662.080007535256
1630,15757.289496421292
1631,14627.153352716348
1632,15141.907474090662
1633,11720.049018409783
1634,11127.689874107069
1635,14430.674365154959
1636,16352.32886421851
1637,16627.797433428004
1638,15956.330913657537
1639,15537.447597870061
1640,14722.76645201225
1641,11406.669299457968
1642,10648.9780407367
1643,15014.291249890959
1644,16624.752079700436
1645,17196.87947846086
1646,17131.05480997786
1647,16102.32515711861
1648,15935.727142094087
1649,12395.791887133695
1650,10583.992079389174
1651,15129.386617187336
1652,17262.17707691894
1653,17582.28423787008
1654,17189.49743754332
1655,15841.065358302696
1656,15613.125164294215
1657,12598.990107373977
1658,10968.848468105607
1659,13892.512369104186
1660,16651.368912844606
1661,16108.912800701168
1662,16663.292897057847
1663,15656.071839601173
1664,14027.665356249618
1665,11004.41972727792
1666,9867.072072707208
1667,11738.036067857209
1668,13037.806537177566
1669,12809.184850033358
1670,12709.511264238614
1671,12568.101153712922
1672,13110.467442856841
1673,10800.654574852626
1674,9205.42730078855
1675,9810.707678339322
1676,11509.340542323876
1677,11462.35533002693
1678,11382.144851278255
1679,11649.725826513155
1680,13508.880235328159
1681,11961.840262593883
1682,10581.119915976897
1683,13796.443923969826
1684,15571.64638927765
1685,15799.619746296215
1686,15753.855131132015
1687,14970.339198676851
1688,14769.884181681315
1689,11639.947732819921
1690,10580.438746496327
1691,15003.971570905218
1692,16545.264151618558
1693,16164.419732645645
1694,16672.087398379594
1695,15683.13936256574
1696,14786.258773467589
1697,11286.638244195425
1698,10543.852960971268
1699,13112.48812990251
1700,13571.176644712212
1701,12811.371599238775
1702,13236.096845067274
1703,13645.585214920708
1704,14214.094606455294
1705,11717.341997901029
1706,10615.27260257418
1707,13036.070885832978
1708,12569.117202719939
1709,11976.760641610865
1710,12320.011745222002
1711,13795.99137481638
1712,14193.955688237478
1713,12316.650583725932
1714,11175.121924166102
1715,13085.622607650559
1716,12768.386404649178
1717,11552.331336702211
1718,12354.13521328578
1719,13290.223209781238
1720,12407.625362918236
1721,10515.709730554432
1722,9801.576507176978
1723,11959.900778794321
1724,11818.422961427646
1725,12472.73492183508
1726,12793.444381901376
1727,12749.096189742999
1728,12364.425642139868
1729,9852.121188739962
1730,8873.37018904552
1731,10955.266078531307
1732,9797.273567974182
1733,8550.698830639114
1734,9247.623649851366
1735,11087.059445658455
1736,13244.953269540074
1737,10855.54588929013
1738,10263.939909318095
1739,13413.218991012667
1740,12803.278988953316
1741,12660.875274384529
1742,12898.059797185515
1743,13249.297715803848
1744,13921.300451922612
1745,11890.431307436455
1746,10625.430991360377
1747,12939.934115683982
1748,12909.162499501861
1749,12776.95169949479
1750,13273.751496042501
1751,13475.248283165027
1752,14730.968701515209
1753,10946.727557558625
1754,10751.400764129972
1755,12404.735266947346
1756,14683.291632072009
1757,13772.519618734512
1758,13465.441186289438
1759,13162.510181953921
1760,13922.116756792804
1761,10354.458148144828
1762,10332.369044030373
1763,12376.099569482456
1764,14010.113380026109
1765,13492.062149516292
1766,13280.923544144072
1767,13599.671533909868
1768,13806.084511287347
1769,10212.366251007092
1770,9787.34873558288
1771,13582.196221736527
1772,13918.52229628328
1773,13169.460736558898
1774,13168.783636625896
1775,13315.510326582424
1776,13462.028687610833
1777,10905.6322320467
1778,9560.591015807191
1779,11447.795027698989
1780,12486.156386040058
1781,12894.661285270431
1782,12604.129270783782
1783,12122.52604829637
1784,12175.050578073235
1785,10740.566929169001
1786,9612.653105284224
1787,10511.745057710312
1788,10107.11715739239
1789,10589.339990712717
1790,10458.57480857037
1791,10617.989073036073
1792,13380.424842907081
1793,10957.804470090578
1794,10193.463121431643
1795,12939.771391882567
1796,13026.466385267056
1797,13094.602580047136
1798,13252.244764067518
1799,13886.877198268987
1800,14639.88149686889
1801,11595.18174059478
1802,10145.954273687326
1803,13520.717832521834
1804,14066.982494020876
1805,13976.92560710026
1806,13410.259279766111
1807,13866.243590876313
1808,13805.547292468233
1809,11856.783659709401
1810,9895.492189657354
1811,13949.289701895059
1812,14587.992279414571
1813,14141.923563873115
1814,14145.905317625024
1815,14236.609478420805
1816,14912.62481745563
1817,11209.13494960939
1818,10291.234182510008
1819,13114.511644922726
1820,14419.177150392567
1821,13792.551823320782
1822,13838.060273851592
1823,13940.170189019458
1824,14446.690283387275
1825,11863.968681167977
1826,10117.483389853242
1827,12578.230180003578
1828,13543.701757617902
1829,13155.220138107532
1830,13211.517185599681
1831,13595.53329956391
1832,12954.412830966112
1833,10246.360233632637
1834,9118.202581695112
1835,10765.821966223572
1836,12113.474636546718
1837,11729.657529082722
1838,12343.994782889493
1839,11548.830511942491
1840,12799.632013585608
1841,9508.840753494631
1842,8527.969698528495
1843,8758.833555414567
1844,10207.503968370673
1845,10352.64013481878
1846,10360.936997784553
1847,10858.504144157427
1848,12380.863695052072
1849,9720.600812003118
1850,8914.606229753577
1851,13007.970930079931
1852,13411.124970307525
1853,12801.724888118286
1854,13453.944896202629
1855,13682.182894018768
1856,13042.92509321433
1857,10715.979691665098
1858,9384.914964935022
1859,13447.998044051668
1860,13565.868004557766
1861,13022.24746998866
1862,13629.984755945154
1863,13828.63836143433
1864,14355.84338513061
1865,11094.345826309063
1866,9844.758838152648
1867,12844.496657166163
1868,13725.801170696415
1869,13182.340994371785
1870,14210.632451680829
1871,14202.23824691211
1872,14156.94489004551
1873,11628.923847476946
1874,10341.359232359498
1875,13665.016084019835
1876,14207.339344284846
1877,13752.21074927045
1878,12507.30867084244
1879,13103.982172124037
1880,13623.491274618935
1881,11453.921213751091
1882,9843.475294204218
1883,12838.1075124774
1884,14416.74586844664
1885,14440.674359784303
1886,14363.502718972613
1887,14006.090034828421
1888,14209.688773703538
1889,10174.782926700072
1890,9367.951790903675
1891,10584.143230494163
1892,11566.983589972464
1893,11887.495657484464
1894,12083.936081408554
1895,12015.773715981839
1896,12631.383343612124
1897,10147.786933304636
1898,9469.802386539703
1899,9670.275183932983
1900,10239.517342443974
1901,10022.710394265545
1902,10322.184952421258
1903,10721.978995301448
1904,13470.19738651718
1905,11145.701092517726
1906,10100.378001033925
1907,13086.401149837835
1908,13854.773425647618
1909,13602.423367845153
1910,13452.551054681717
1911,13575.746853371988
1912,14550.833741446031
1913,10863.262585713179
1914,10214.661794391934
1915,12928.780500110191
1916,13704.240313946435
1917,13617.348780282991
1918,13627.447097389791
1919,13803.169892259319
1920,14974.605970356688
1921,12518.768933923084
1922,10348.755449429045
1923,12692.16849196716
1924,13893.437937947694
1925,13590.697416974679
1926,14065.907082718815
1927,14465.025201799555
1928,14542.500521511329
1929,11640.727854620962
1930,10637.989441758697
1931,12823.396615248854
1932,14199.980687586987
1933,14033.47565549875
1934,14026.0738112106
1935,13781.521280453002
1936,14781.540133124918
1937,11384.544704941434
1938,10531.377447784786
1939,12944.606612613527
1940,13782.93046437891
1941,13878.213706079587
1942,14013.983531393613
1943,13875.593463398855
1944,13857.509381063306
1945,9946.46568258776
1946,9901.569103711749
1947,10906.87796816924
1948,11803.00702007449
1949,11825.937734407407
1950,11375.95210630174
1951,12290.42211956673
1952,12855.045595261636
1953,9568.829631104656
1954,9153.245766820613
1955,9052.070983996295
1956,10442.719596323479
1957,10107.841016337603
1958,10544.09755858306
1959,11183.855211540593
1960,13248.757905299024
1961,11242.686119785281
1962,10017.977287410162
1963,12333.411672555154
1964,13122.284255642197
1965,12562.191848881677
1966,12695.519431108925
1967,13183.544970922596
1968,13956.606858146355
1969,10325.717751732082
1970,9607.483585527829
1971,12975.068176953804
1972,14111.366765872965
1973,13847.592717662887
1974,13451.162901188398
1975,13848.845935740748
1976,14199.219281597065
1977,10859.684376380854
1978,9746.768032711914
1979,13530.823901690903
1980,14134.861379428725
1981,13933.555556781783
1982,13761.636619077062
1983,14258.491764325097
1984,14242.93230876558
1985,10565.782329531801
1986,10180.675503573008
1987,13217.398631352633
1988,13806.545405828156
1989,13632.922307175026
1990,13408.675314100366
1991,13966.586019544673
1992,13510.913744625072
1993,9832.33396459681
1994,8659.353455924422
1995,12832.652166942078
1996,13983.86503342909
1997,13978.661880630652
1998,13262.93447149975
1999,13331.75332240546
2000,12912.664562412923
2001,10054.498670154166
2002,9400.087960315399
2003,10129.979143913604
2004,11736.057163419695
2005,11193.211261541368
2006,10992.912849871062
2007,11422.043126213073
2008,11841.97837461171
2009,9094.101260900092
2010,8661.353229107299
2011,9302.860956931241
2012,10251.553273005986
2013,10714.600171481672
2014,10572.242364056392
2015,10506.283243381038
2016,12111.878773257164
2017,9623.92875249501
2018,9130.139397307257
2019,12615.266900019364
2020,13337.010799029598
2021,12532.668636613285
2022,12237.066659771195
2023,13537.069869166042
2024,13319.722915595574
2025,9993.274176219344
2026,9185.196637157203
2027,12663.121322091076
2028,13354.9789779462
2029,12731.308866896497
2030,12520.991869622902
2031,13511.006921879307
2032,13658.387348610191
2033,10082.304018513238
2034,9974.624612071873
2035,12958.962988995954
2036,13915.56212601827
2037,13121.747156693244
2038,13414.108640597542
2039,13786.778999748358
2040,13425.081071378298
2041,10736.794157249797
2042,9600.669883790415
2043,12735.771677080085
2044,13777.10171837852
2045,13006.556750452686
2046,12578.681849087341
2047,13702.440988843451
2048,13392.19785050951
2049,10647.554986386278
2050,9591.233141171791
2051,13120.591578132424
2052,13808.413158498073
2053,13819.631797808492
2054,13333.008347750349
2055,12915.32828880342
2056,12746.201770143356
2057,10192.011109967048
2058,9814.388204110257
2059,10788.115425639478
2060,11506.059244184189
2061,10930.725504015183
2062,11894.37447305203
2063,11305.88606617296
2064,12058.156580117891
2065,9149.048912565308
2066,8170.890407012909
2067,9061.97288522147
2068,9889.50543562809
2069,10455.56667182704
2070,10542.011692095606
2071,11053.676871793694
2072,12447.18725073582
2073,9844.092089143998
2074,8879.459705734822
2075,12127.525539396014
2076,13237.720517237507
2077,12481.592010541302
2078,13055.091963736264
2079,13694.1283549679
2080,12693.911427642266
2081,10060.645564385759
2082,9342.58602202159
2083,12662.933342232438
2084,13941.697366675135
2085,13164.139271335931
2086,13398.327863338545
2087,13793.086501617827
2088,13577.178533821592
2089,10139.914972499015
2090,9336.997416412469
2091,12588.6189323067
2092,14039.154794858629
2093,13539.525983294163
2094,13665.195428987874
2095,13886.565517954963
2096,13006.237836297618
2097,9984.344468795369
2098,9456.564804524367
2099,12836.842149657414
2100,13178.588975760329
2101,12423.368073642538
2102,12541.304116358975
2103,13787.195449869192
2104,13255.35475376858
2105,9842.666944512725
2106,9176.756412423729
2107,12903.512146401878
2108,12904.231549561284
2109,13215.629752544337
2110,12962.694546911796
2111,13810.14145087466
2112,13120.512755035586
2113,9968.114927124734
2114,9508.771062000158
2115,10524.717487718313
2116,11377.888275544268
2117,10976.263688857576
2118,11656.49061410712
2119,12138.130129522413
2120,11918.407868630342
2121,9556.051192966093
2122,8620.58319842224
2123,8644.132610845067
2124,10589.372462091136
2125,10265.596113234846
2126,9674.098641907458
2127,10210.190398062248
2128,12396.155075774239
2129,10485.401736541184
2130,9123.022832130355
2131,13101.608297250921
2132,12755.975715666264
2133,12683.7827763099
2134,12068.250460723815
2135,12733.62976590164
2136,13308.105719398685
2137,10205.195449169129
2138,9877.133285117165
2139,12848.534347117939
2140,13550.512532401492
2141,13273.437290004853
2142,13082.343989873067
2143,12978.32316207688
2144,12906.56483762359
2145,10224.178030028992
2146,8993.316168637732
2147,12802.331456386673
2148,13729.576236199324
2149,12810.779240172928
2150,13118.180118503473
2151,13381.04041973239
2152,13386.908947789008
2153,9229.435315932897
2154,8720.079474841068
2155,12535.426543754838
2156,13804.291252157984
2157,13569.117304388317
2158,13337.132682466012
2159,13974.940104412795
2160,13546.325022086217
2161,10325.998429126641
2162,8846.144992467054
2163,12929.795805988706
2164,13945.541774806286
2165,12784.139738725333
2166,13082.31168876898
2167,13123.497810055189
2168,13075.084902607334
2169,9980.819799007475
2170,8857.532053102075
2171,10385.034385031999
2172,12208.0919020226
2173,11581.84101137039
2174,12119.456794817932
2175,11459.208801605993
2176,12535.391488960231
2177,8812.274559330841
2178,7912.933839568399
2179,8509.169212141163
2180,10061.27540492557
2181,10253.317519441109
2182,10180.661684129578
2183,10109.483329870203
2184,12268.486640433963
2185,9111.006681260034
2186,8055.682946314988
2187,12185.514965616809
2188,13309.900778105106
2189,12771.58091848867
2190,12800.761318628454
2191,13460.13099530169
2192,13338.463630859393
2193,8844.291692768516
2194,7167.47305871292
2195,12717.574602528306
2196,13876.497172919824
2197,12938.640379470322
2198,12662.91282435314
2199,13820.355939864763
2200,13696.838630459853
2201,9564.74942094832
2202,9000.783469516922
2203,13103.423347894
2204,14323.965772185555
2205,13434.98869314543
2206,13422.36488962888
2207,13884.82640862366
2208,13465.552557312827
2209,10131.232953519411
2210,8905.99497395663
2211,13102.550470946759
2212,14173.989034485065
2213,12947.490338446365
2214,12799.575056498921
2215,13777.552586543896
2216,13994.304546084639
2217,10172.632391415138
2218,9195.31809977028
2219,13166.357181593094
2220,14203.157195691992
2221,13292.729140135005
2222,13339.433312879592
2223,14097.207247293676
2224,13671.830489338969
2225,10105.893521293941
2226,8602.3426862955
2227,10503.15728539354
2228,11429.490997538636
2229,11231.16175710325
2230,9808.765479377065
2231,9747.084431257543
2232,11291.15602038176
2233,7732.477574916156
2234,6973.381949732234
2235,8007.90858055254
2236,9488.724567912537
2237,9346.720874691337
2238,8738.498264357066
2239,8890.341613463484
2240,11875.41723342317
2241,7756.662481553398
2242,7047.561723134721
2243,12909.354491176551
2244,14066.399079868255
2245,13382.872547789688
2246,13523.355993431967
2247,14247.201897878058
2248,13749.206421221204
2249,9471.176514816667
2250,8653.7533874278
2251,13352.435203043533
2252,14245.344453607435
2253,13498.331995244089
2254,12604.980873682583
2255,14213.999427229925
2256,13914.486525765351
2257,9248.949518694475
2258,6911.691039071265
2259,12913.927606097317
2260,13612.039386535233
2261,13891.907673909402
2262,13137.403222962055
2263,13833.075637165415
2264,13429.637723609761
2265,8762.302051335355
2266,7559.480368671602
2267,11670.24344391725
2268,13908.025203785875
2269,12906.269203349962
2270,13456.252407001008
2271,14037.270959109706
2272,13505.145019135614
2273,9636.631726998026
2274,8101.99111552944
2275,11992.530432941165
2276,13639.12597106793
2277,13472.250455118234
2278,13573.916412835066
2279,13821.7022812985
2280,13090.17892430865
2281,9556.152670046105
2282,8670.660436897835
2283,10085.518664699373
2284,11457.599910076815
2285,11701.280895402955
2286,11724.372524452769
2287,11290.498866199157
2288,11538.379211489384
2289,8671.324146096907
2290,6991.462590139905
2291,7468.8037014423535
2292,8022.080856229595
2293,7080.752406989293
2294,7747.6695424830295
2295,8333.086898629297
2296,11893.330669067225
2297,9091.64360902744
2298,7389.161543516818
2299,12415.880960408884
2300,12980.9304593808
2301,11797.72575396672
2302,13397.802135210146
2303,14225.563480614892
2304,13570.251923543216
2305,9623.007551826136
2306,8449.132314829365
2307,13191.48736902579
2308,14463.633185901444
2309,14045.485550782432
2310,13983.510405288973
2311,14216.63076822874
2312,13666.793245764806
2313,9997.230845068865
2314,8565.062246561596
2315,13468.412539659756
2316,14613.971379671908
2317,14074.975495035238
2318,13637.780157561354
2319,14354.75528798033
2320,13885.57977322247
2321,9665.49140926621
2322,8510.348716144474
2323,12525.496177619938
2324,13940.401658959714
2325,13788.813230364853
2326,14167.922520085269
2327,15023.677562376142
2328,12931.92045878758
2329,7967.745606315381
2330,7934.76847356098
2331,12798.787801553113
2332,13076.566258637227
2333,13078.562282695042
2334,13106.445102518792
2335,13490.866832226315
2336,12851.221690019327
2337,9512.43284333754
2338,8250.31164457169
2339,9985.7281791987
2340,11957.163404059613
2341,11260.46429800743
2342,10761.315389283212
2343,11310.20119884892
2344,12989.083049676423
2345,8524.060697697882
2346,7572.682385535229
2347,8876.959741568731
2348,10455.547555689136
2349,10394.071976069004
2350,10049.011485331548
2351,10097.24396011413
2352,12304.17889068155
2353,9338.902987563752
2354,8452.728724657461
2355,12278.591369677337
2356,13517.790244059446
2357,13281.524220467269
2358,13672.031365485307
2359,14043.541349307225
2360,13628.041176721623
2361,9708.975440533417
2362,8723.691944675513
2363,13138.264234830001
2364,14492.329138923102
2365,13822.09305170051
2366,13904.962462578458
2367,14443.533199225118
2368,13905.231927826553
2369,9921.528852079482
2370,8740.921007770785
2371,13268.778433385613
2372,14281.443626317061
2373,14040.762094653683
2374,14012.026922032419
2375,14396.941925829353
2376,14048.550801157344
2377,10002.931031623233
2378,8829.246994448135
2379,13554.702383463986
2380,14667.265853668272
2381,13510.94831122695
2382,13688.834809336538
2383,14016.478355718908
2384,13437.690983052249
2385,8968.277159706167
2386,8708.123476582992
2387,12771.865965760613
2388,13777.912261112704
2389,12579.98909112499
2390,12248.51131253475
2391,13357.467306519908
2392,12379.707775380839
2393,6810.850299980561
2394,8087.752548691847
2395,9202.967602920904
2396,9291.673254699093
2397,11205.827848727717
2398,9600.930354370696
2399,8270.074995583942
2400,11827.505956465167
2401,7578.605457049887
2402,6405.61879801868
2403,6657.078205839916
2404,9472.41286667875
2405,7959.01111870983
2406,6829.121929039485
2407,7421.235998756161
2408,14117.973247447877
2409,8324.751567188376
2410,4383.413621073735
2411,8240.713291030203
2412,8998.63412196951
2413,8444.421176840478
2414,11100.639480787446
2415,11169.521415467858
2416,11623.662779970653
2417,5665.747658999537
2418,4651.625218289675
2419,12874.962924770321
2420,15556.831649791277
2421,16752.764922968996
2422,16212.07347948222
2423,16677.397978979934
2424,15097.907806639014
2425,10151.951096230028
2426,6261.361423742213
2427,12804.249719212616
2428,12343.154720272114
2429,11479.318375471687
2430,14059.502639376657
2431,17506.91208815763
2432,14212.435402865714
2433,9831.613736932084
2434,8910.038728894602
2435,14337.875414883956
2436,16073.458263907532
2437,15174.648200568428
2438,15409.191692170705
2439,16338.307483780762
2440,14588.679631947074
2441,10128.423597374229
2442,8058.180357075409
2443,13068.676867187341
2444,13739.715254130891
2445,14046.509898907832
2446,14535.584961965587
2447,15678.940378171608
2448,14247.80873207199
2449,9944.197166795202
2450,8287.46071689981
2451,10032.141040635184
2452,11872.150440863648
2453,11526.446847533589
2454,12059.9300421983
2455,12849.846306503432
2456,13153.142224179632
2457,8853.45017022487
2458,7371.33130588952
2459,8298.229178543661
2460,8742.382789843967
2461,9231.232126820132
2462,8813.86327941146
2463,9724.089767706446
2464,12555.327398770067
2465,8187.120859815468
2466,5591.262655825034
2467,13476.528639711085
2468,13692.072634081722
2469,13841.728384890113
2470,14645.730461379868
2471,12619.733977689259
2472,11756.802426448041
2473,7013.033861618455
2474,5303.3491311672915
2475,11628.294175380619
2476,12185.244946267969
2477,11856.33432331042
2478,13287.751955786349
2479,16061.165206803293
2480,12095.393513686
2481,6416.1150399637545
2482,5691.595572736521
2483,11025.023816112132
2484,11263.437281643299
2485,12623.002952369876
2486,14105.487786247875
2487,14524.586510769252
2488,13322.584662290079
2489,9269.759742711734
2490,8263.311682255071
2491,13064.110579859733
2492,14390.034209227983
2493,13567.582445286054
2494,13728.576004254093
2495,14348.21134999861
2496,13105.82985184992
2497,7663.078194314947
2498,6922.091399171768
2499,11893.50119849004
2500,12711.179975680958
2501,11947.528924659528
2502,12669.99489230496
2503,14080.871611277144
2504,12025.961195207878
2505,6415.561548193023
2506,5365.730672505003
2507,7135.96886210462
2508,9420.088540682904
2509,8306.638818031814
2510,8976.553111706033
2511,9516.291072160026
2512,10402.214717217754
2513,6516.060741510115
2514,5095.379777307657
2515,6745.134651049818
2516,8584.78563330178
2517,9719.230770329756
2518,9712.478658148106
2519,10010.465633645472
2520,12922.044061742707
2521,8158.173324740878
2522,7908.543536165254
2523,12510.75804521569
2524,14844.608137624655
2525,13533.184211481846
2526,14618.822156900764
2527,15586.183127417215
2528,14101.584331596867
2529,9705.485939134276
2530,8593.25976070766
2531,13649.089898662918
2532,14524.957137273468
2533,14175.593336386806
2534,14533.010824031955
2535,15151.087795333096
2536,13690.528388066277
2537,10071.773509719918
2538,7885.874635734907
2539,13247.70401739025
2540,14217.062094085473
2541,13806.095284941874
2542,14124.795371266193
2543,14608.000972971919
2544,14070.642606620684
2545,9586.101332158161
2546,8283.614168362963
2547,13104.758725938837
2548,13816.763700087573
2549,13986.677943554032
2550,14179.474648610389
2551,14716.316932304098
2552,14234.021173231678
2553,9642.435242255735
2554,8176.693008260077
2555,12742.957058381326
2556,13839.659132561874
2557,14170.689717237581
2558,14321.70687476315
2559,14414.620873589232
2560,13572.559283845478
2561,9588.490825776165
2562,8075.336426563762
2563,9443.206275837967
2564,11235.062623547408
2565,11579.663598120494
2566,11432.526264618153
2567,11412.661211283887
2568,11829.741802533163
2569,9439.789628243037
2570,7213.948617874893
2571,7362.305890092687
2572,7766.954249902707
2573,9815.060275245145
2574,8328.078776956176
2575,7785.878754052968
2576,11620.352785606043
2577,7160.618219697435
2578,5725.915384257401
2579,12174.846134294276
2580,15819.856445756794
2581,15847.808558567212
2582,15772.431375934668
2583,16551.783086244097
2584,14486.292684629496
2585,7681.332153597418
2586,5477.971237192044
2587,10682.36722215617
2588,14201.97356678716
2589,9878.552309657176
2590,12762.209862554053
2591,14261.31139351878
2592,11825.806235307527
2593,6242.3913984398705
2594,5875.95364883212
2595,11945.936399959557
2596,13633.379289375807
2597,14119.849926801997
2598,16462.142957407177
2599,17585.943041578357
2600,14677.041081853713
2601,9386.306819592966
2602,8047.649785946056
2603,12952.079758306518
2604,15054.545864030502
2605,14509.77513218315
2606,15056.457040832434
2607,16832.515338804187
2608,13105.797639952281
2609,9392.60077051994
2610,7390.432898553293
2611,13639.529944153495
2612,15593.748537047626
2613,13153.345403030904
2614,13422.879391978278
2615,16383.718919136496
2616,15967.702460121827
2617,8853.743943689082
2618,8025.364581696307
2619,8836.630098775518
2620,10704.445898065132
2621,11128.151569980535
2622,10946.107934529418
2623,10388.806748698908
2624,9577.6298075126
2625,5577.7576326936305
2626,4787.722833335683
2627,6373.6447746521035
2628,9262.846661023732
2629,7715.152472090611
2630,9636.435429165167
2631,8347.725908599901
2632,12134.317366346042
2633,5893.670367198293
2634,3375.866819605708
2635,9863.87606998213
2636,10834.426286877007
2637,11686.806602980092
2638,13839.162395395855
2639,17784.114373704582
2640,13883.164810037102
2641,9618.985863520325
2642,8386.954428693005
2643,14400.020207089721
2644,14577.59258810563
2645,13801.344012698526
2646,15001.030676595881
2647,17982.860907056354
2648,16476.8989836553
2649,9651.368609961024
2650,8765.91814128657
2651,13657.963537028034
2652,15988.160189468972
2653,15538.46750909188
2654,16237.816753385076
2655,17931.249616601388
2656,16038.081216693201
2657,9193.79916553948
2658,7766.909238581318
2659,14372.818656868407
2660,15423.881274406873
2661,14598.569392831705
2662,16973.498221312297
2663,16384.95171678026
2664,14512.926121537928
2665,8392.558872550611
2666,6879.797853335623
2667,12570.689257610422
2668,13466.78305844849
2669,12993.679791854081
2670,13773.362713458197
2671,15088.58495876709
2672,14265.69095980024
2673,9112.883077967668
2674,7758.928684355296
2675,9192.851492841082
2676,11490.317633484281
2677,11413.708660988481
2678,11590.093978506935
2679,12000.831971987458
2680,12225.368335509405
2681,7840.797083001819
2682,7323.012701971734
2683,7103.494326418935
2684,9632.779708728416
2685,9737.566372837166
2686,10844.64379501164
2687,10599.80891515252
2688,13376.219510853924
2689,8902.12401893219
2690,6851.157800570983
2691,12734.836385317321
2692,14666.100568850077
2693,14524.97187192432
2694,14835.492850410425
2695,15486.370804192024
2696,14095.102131837008
2697,9460.992387451146
2698,8336.81386763841
2699,13821.620649338553
2700,14873.984220037313
2701,14518.592783525652
2702,14400.71907449024
2703,14957.061169697938
2704,14350.322442315699
2705,9957.288002075209
2706,8656.207539917299
2707,13870.723526443553
2708,14748.1474908688
2709,14144.442621278326
2710,14191.912786563533
2711,15641.103587061598
2712,14679.445510857067
2713,9870.278841513773
2714,8618.11730835391
2715,13697.113927477034
2716,14664.693912376633
2717,13831.380494991994
2718,14015.705647687813
2719,15026.375761086825
2720,14481.564783626061
2721,10352.87472314662
2722,8949.092548236507
2723,13410.815496899577
2724,14175.263706252481
2725,13595.945343991434
2726,13245.432684724765
2727,13850.747799783663
2728,12715.841888249144
2729,9894.933221550253
2730,7214.3023340509435
2731,9292.83548678263
2732,11611.83866641938
2733,11152.519737528712
2734,11814.266933844856
2735,11911.49373106712
2736,12093.116400167324
2737,8141.512085235611
2738,6247.841357777744
2739,6184.113395484414
2740,8795.218391142469
2741,10253.606936823653
2742,9650.801451858348
2743,9218.114843833571
2744,12665.806432656827
2745,9282.208644256409
2746,8270.389326596664
2747,13249.925812365387
2748,14540.468974490017
2749,13705.285965835445
2750,14774.87857193459
2751,14906.22636437426
2752,16098.15700636653
2753,10137.656600206114
2754,8545.519731431774
2755,14622.828264420463
2756,15019.79875995282
2757,14723.10477418405
2758,15012.262580516426
2759,14998.960262297176
2760,14228.636164010883
2761,9647.290850758376
2762,7762.971750854864
2763,12357.629032407754
2764,14311.396707889868
2765,14238.110787644686
2766,13559.308864387927
2767,13691.812612587868
2768,12485.205981155974
2769,5704.384116703533
2770,4409.948083929777
2771,9823.97525219446
2772,11634.832377539948
2773,10038.298997300251
2774,10578.344073392647
2775,15346.689199870987
2776,11885.82582520968
2777,7046.526248288292
2778,6274.433403852995
2779,11868.857121763762
2780,13014.903657287981
2781,12224.784721807386
2782,12858.070986258605
2783,14582.673761048007
2784,14326.0691315491
2785,8326.392923265394
2786,6900.159269255167
2787,8459.284818063094
2788,9937.233530440884
2789,10884.656802260648
2790,9563.151649233676
2791,9689.954595971365
2792,12028.473847967489
2793,6858.574303697698
2794,5167.863281600285
2795,6380.654577205376
2796,8319.840978139218
2797,7524.843812301168
2798,8341.40200974394
2799,8840.70131297098
2800,12401.66227337738
2801,8024.728213445947
2802,7652.390717148614
2803,13587.397806167595
2804,13475.461971157358
2805,13996.208557444077
2806,14562.620946344847
2807,15383.92626125969
2808,14905.444410910879
2809,8613.279578986758
2810,6340.068111937282
2811,13096.269411327634
2812,15073.259057238
2813,15414.218226893432
2814,14914.167612791238
2815,15733.867053398457
2816,14183.14108066101
2817,8733.815061312866
2818,5472.947293188352
2819,10445.556189097786
2820,12907.062097619806
2821,12458.548058686078
2822,13742.535753979575
2823,15723.094389694008
2824,14934.189084223703
2825,9930.453134482688
2826,8324.45516701383
2827,13384.675118492449
2828,14302.4644158319
2829,14312.642581821317
2830,14673.209060053901
2831,15138.793513384224
2832,14150.987362198313
2833,8463.445431791512
2834,7110.8521121135855
2835,12584.703929149715
2836,13825.523723185306
2837,13372.961115976903
2838,13207.43449794266
2839,14060.197810982107
2840,13047.683193896473
2841,8580.752283351068
2842,7559.0931545267385
2843,8058.039536571331
2844,10711.588385350664
2845,11474.083520889024
2846,11051.813286773942
2847,10784.429859624996
2848,12415.229776851726
2849,7508.960467177107
2850,6687.014493560877
2851,6914.477229791783
2852,10286.094967743673
2853,10692.662373667355
2854,11342.298033484989
2855,11549.718113194194
2856,13985.893104999468
2857,10088.582812892246
2858,8484.211356252992
2859,14092.205763304488
2860,15002.864557846207
2861,14518.142099933255
2862,14625.236423932534
2863,15203.257518689978
2864,15265.791746325784
2865,9929.862285674451
2866,8495.37310202553
2867,14564.637542829065
2868,15983.48171806162
2869,14896.820089778364
2870,14588.750073453184
2871,15803.91776401283
2872,15214.584275315156
2873,10052.641852565102
2874,8761.806858725282
2875,14389.52400582155
2876,15726.997474802913
2877,14586.67468028218
2878,15320.262315521575
2879,15846.453782409233
2880,15137.326478735544
2881,8966.290955581173
2882,8569.451636228774
2883,14457.13199036767
2884,15981.765085093853
2885,14629.356193263431
2886,14754.2020347749
2887,16421.066354242947
2888,15341.412605447447
2889,10185.96255541696
2890,8796.71933169864
2891,12696.09578120145
2892,14960.06661378208
2893,13999.052068124523
2894,13693.427940252588
2895,14740.83984796815
2896,12098.359905290703
2897,7750.843459165349
2898,6990.644618237349
2899,8171.751453649312
2900,11548.625993204738
2901,11134.349579074986
2902,11471.887197089007
2903,10671.803898764343
2904,11953.050203402108
2905,7260.931371385531
2906,5821.790037223519
2907,5719.11584490195
2908,9178.624566213863
2909,9850.959051363954
2910,10655.674793402672
2911,9161.750026632973
2912,14230.284181384917
2913,9858.641311077305
2914,8140.885173768896
2915,14081.951203056104
2916,14470.133435421638
2917,14110.118261187718
2918,14615.554979205412
2919,15474.815547073951
